{"_wandb":{"runtime":1821},"_step":99,"epoch":100,"train_loss":10.636620112827845,"val_loss":58.211469650268555,"_timestamp":1.7661550874522996e+09,"_runtime":1821}